,sdbAre_meanIQ,sdbAre_rangeIQ,sdbAre_TheilID,sdbPer_meanIQ,sdbPer_rangeIQ,sdbPer_TheilID,ssbCCo_meanIQ,ssbCCo_rangeIQ,ssbCCo_TheilID,ssbCor_meanIQ,ssbCor_rangeIQ,ssbCor_TheilID,ssbSqu_meanIQ,ssbSqu_rangeIQ,ssbSqu_TheilID,ssbERI_meanIQ,ssbERI_rangeIQ,ssbERI_TheilID,ssbElo_meanIQ,ssbElo_rangeIQ,ssbElo_TheilID,ssbCCD_meanIQ,ssbCCD_rangeIQ,ssbCCD_TheilID,stbCeA_meanIQ,stbCeA_rangeIQ,stbCeA_TheilID,mtbSWR_meanIQ,mtbSWR_rangeIQ,mtbSWR_TheilID,mtbAli_meanIQ,mtbAli_rangeIQ,mtbAli_TheilID,mtbNDi_meanIQ,mtbNDi_rangeIQ,mtbNDi_TheilID,ldbPWL_meanIQ,ldbPWL_rangeIQ,ldbPWL_TheilID,stbSAl_meanIQ,stbSAl_rangeIQ,stbSAl_TheilID,ltcBuA_meanIQ,ltcBuA_rangeIQ,ltcBuA_TheilID,sssLin_meanIQ,sssLin_rangeIQ,sssLin_TheilID,sdsSPW_meanIQ,sdsSPW_rangeIQ,sdsSPW_TheilID,stsOpe_meanIQ,stsOpe_rangeIQ,stsOpe_TheilID,svsSDe_meanIQ,svsSDe_rangeIQ,svsSDe_TheilID,sdsAre_meanIQ,sdsAre_rangeIQ,sdsAre_TheilID,sdsBAr_meanIQ,sdsBAr_rangeIQ,sdsBAr_TheilID,sisBpM_meanIQ,sisBpM_rangeIQ,sisBpM_TheilID,sdcLAL_meanIQ,sdcLAL_rangeIQ,sdcLAL_TheilID,sdcAre_meanIQ,sdcAre_rangeIQ,sdcAre_TheilID,sscERI_meanIQ,sscERI_rangeIQ,sscERI_TheilID,sicCAR_meanIQ,sicCAR_rangeIQ,sicCAR_TheilID,stcSAl_meanIQ,stcSAl_rangeIQ,stcSAl_TheilID,ldkAre_meanIQ,ldkAre_rangeIQ,ldkAre_TheilID,lskElo_meanIQ,lskElo_rangeIQ,lskElo_TheilID,likGra_meanIQ,likGra_rangeIQ,likGra_TheilID,meshedness_meanIQ,meshedness_rangeIQ,meshedness_TheilID,closeness400_meanIQ,closeness400_rangeIQ,closeness400_TheilID,closeness800_meanIQ,closeness800_rangeIQ,closeness800_TheilID,closeness1200_meanIQ,closeness1200_rangeIQ,closeness1200_TheilID,sdsLen_meanIQ,sdsLen_rangeIQ,sdsLen_TheilID,betweenness_meanIQ,betweenness_rangeIQ,betweenness_TheilID
foz,112.8068059736319,115.09425921844307,0.13798668655012464,47.69651914843643,25.60632249288922,0.0401318208323458,0.4720601068471974,0.16915665168932192,0.015101287272546456,5.112531969309463,4.0,0.05755069088730831,7.431039610048196,15.24758976215378,0.29221383785465904,0.9864687728008468,0.043315892544096964,0.0003610874302763177,0.5183210103834051,0.30229715739073304,0.039471861280495874,8.312579641898205,4.3467638482846676,0.0378862937384117,3.0758786545354067,5.843804853409583,0.3518455136105789,0.3723675080753728,0.4789219533841934,0.34774865334070715,2.661165703519313,3.0099532905100803,0.14228962538619475,4.907926023915336,6.449161737822758,0.17171776310791587,176.2357498827578,202.3427086124643,0.13216915837983748,4.320046300611904,7.322191507958946,0.2825426099773127,0.2883817427385891,0.0,4.4408920985006124e-16,0.9995002336903336,0.0034276077978153685,2.583660217957167e-06,28.250058987772608,9.729926268654706,0.030743726070826004,0.448824170816652,0.29166666666666663,0.07443822759960203,3.567076587233444,4.119520555905847,0.16216543906555886,3831.777142687787,4517.216396100579,0.13241073968766526,1854.5793168256305,1947.673752389839,0.10515261502383566,0.13527134027848348,0.13824108752544642,0.11193907343687418,29.90520435829403,19.471564013844272,0.04759916621249263,245.51884074132897,311.0152322278032,0.1659293470395832,0.9519462843699532,0.08926154626708438,0.001117619313335888,0.4700530870290561,0.24252300436897284,0.03131014698831286,4.953128803459403,8.04121772089412,0.2585419227447865,20942.281831575143,19550.435529901697,0.1424246833434423,0.6662124443789841,0.2420585739777393,0.03154958163912462,0.0031096256452962452,0.0019077151059493152,0.06553621568726055,0.20275075222684366,0.04881303984254956,0.0072615503604011485,8.014998468394741e-05,6.634117722330451e-05,0.07840243128393216,0.00013654653687726766,7.615478129467261e-05,0.032423779090617486,0.0001811223915862958,6.57242551046745e-05,0.015487750591128347,216.39536840368584,132.67207189136641,0.0683136632031389,0.014485256722517869,0.0013108794955928715,0.002512347352592986
aguda,70.7148759501077,67.32840881033333,0.10828824006212537,36.85982758535735,19.869282605731147,0.03738239864215845,0.4896982027481097,0.1517514470015343,0.01184671745862555,4.649746192893401,3.0,0.040924821890732,3.6978270085206058,6.334375312394173,0.33765655593762944,0.9830215574726036,0.06879964505044478,0.0009231980626589732,0.5806213856353897,0.2784609637796469,0.03137487765750164,6.236459374769405,3.255999035152509,0.03352895317341092,2.1011185441239357,4.778395821487614,0.44138797037487776,0.33221478642203844,0.4425348131099828,0.3675341348958801,1.710903504803348,1.6963334671360148,0.14201383238102494,2.8678183143366938,3.7572347177372682,0.17352790142622695,269.499549070186,273.8111002693653,0.126664960221115,2.040766129561304,3.6020042919470754,0.27941805605753484,0.207843137254902,0.0,0.0,0.999997595904516,3.298957449016093e-05,3.867610819984624e-10,28.995407023262405,4.840909101608013,0.0051261669871935115,0.4891711229946524,0.225,0.029394620792679182,2.329079311755469,5.133450958950707,0.3548195789780669,3673.69335537888,3230.974705401241,0.07344189299376389,1498.6416786254624,1150.0267864566724,0.1220217785776046,0.2245956231271096,0.18067251718375868,0.11140340400042716,19.6807553916091,13.264486043531859,0.053532926484570836,134.92837250880237,183.1969350962822,0.19449431367129785,0.966956085360712,0.08567383436571463,0.0009786432154519431,0.5274496078287197,0.3110543573093533,0.04069462838956836,3.2302874521827416,5.598138097308579,0.3105302369365273,6498.992547642691,3329.889851913087,0.09327237609255766,0.7254116608784541,0.38749177725367945,0.02599785424120657,0.005248096168040882,0.0039553063348849535,0.09089293600295736,0.3319859408180948,0.022042341220423367,0.0005316676636730729,0.00012361121342198048,2.0689990292030403e-05,0.003010936843785023,0.00013197122853098346,1.1495568634015726e-05,0.0006755559110357752,0.00012391593361120546,7.967930986943883e-06,0.0003757623540588168,104.79394888594074,14.525099449410204,0.05544128012238228,0.0032901178496856165,0.0004276327431018412,0.0070391018259301765
esposende,161.66619104605462,150.54662304305788,0.12280509924672495,55.7557126491333,28.88042879517673,0.047280508414793414,0.5029936415652142,0.16137884529094548,0.016721956967057472,5.761904761904763,6.0,0.08069374055890427,8.758594515240057,14.93456779516228,0.2459215949402725,0.9616227720254416,0.12840156096065425,0.0024971692699328647,0.651865322690814,0.2951495634056696,0.027821483288746483,8.872745005000018,4.190278091453695,0.029131050931326636,4.989023683602703,7.862659335789509,0.24738703691972974,0.05492511661675626,0.28714546679899483,0.9473640426845598,5.636459153578778,4.2991562195497215,0.07833012692009123,8.153521530434336,6.4112602422757465,0.09900188164073044,175.5431067098817,264.0947110769036,0.266159208716146,5.294757262685227,4.9838753703533945,0.13943931311975352,0.5308641975308642,0.0,0.0,0.9935719164978944,0.012570172208454132,9.903608879204803e-05,33.7458191561634,3.689425443060177,0.00922381838354538,0.4951209992193599,0.375,0.061792029924929374,3.0344185593131514,2.953576809514038,0.18059907119036708,7994.399793287706,7926.7853578951635,0.08993356578298674,2435.0715139774743,1434.248238817407,0.09761703564929662,0.08708728879330782,0.060735681658550665,0.10179732389566364,39.56252403296028,17.283543787834233,0.03156358439441375,581.8258124861537,613.9215950416183,0.13481380101390358,0.9591011327682316,0.08150208857521446,0.0011339512500726776,0.3128102358520581,0.230323119710498,0.06026922414924884,7.888400081258324,9.722165060374664,0.15548360173032386,15935.218334488372,4094.749935059303,0.030357732582116943,0.7709534885910394,0.22662138957193634,0.015343038718665884,0.0014247391249798602,0.0006154911444323202,0.033209182926341146,0.14232352824975292,0.04391780363019425,0.012127767919001395,0.00025946806011736595,0.0001770013455866381,0.04757138245950122,0.000479452396176464,4.2330967807108695e-05,0.0015560266888716922,0.0005909718358217294,2.535090176012029e-05,0.0005433199006148018,345.37549672920835,142.70432564267057,0.05265446914941952,0.05554906542056075,0.026606308411214957,0.2554162514580428
espinho,80.8623538330946,51.954043565794976,0.05372399437660712,39.04694295471396,14.899224990799908,0.017180334193842215,0.5051434275698531,0.14468613898521232,0.010112013439707615,4.496221662468514,2.0,0.03667835000284506,2.967381884665875,5.654241017877357,0.41376876677586816,0.9927614566640794,0.033194209449337715,0.0002622564344390084,0.5799994313282778,0.31146113802021624,0.03256105925339898,6.763359476754682,2.6774796848426803,0.017626356019233867,0.9463361566932728,2.015511626420062,0.4500537559757677,0.5183004486649516,0.3285164946822107,0.045109008660656987,1.0114945077268165,1.0170206308815253,0.1251068784570332,3.071998871277048,4.2797918083057285,0.3337768379939626,252.73750484754711,81.62869731150094,0.028992597530868313,1.0137531098724777,1.5383288605230376,0.4807488124743206,0.10515463917525772,0.0,0.0,0.9999999999242352,5.957134563416844e-09,1.6422689336372868e-11,30.84384410540328,3.015553089732649,0.003125734129036687,0.6207692307692309,0.25,0.014991079027192404,0.9493861822722276,1.6883255522839942,0.6757401392161484,1687.2136798046126,1290.2776888583999,0.09865752371926108,863.6172289244226,725.0691703879651,0.11034119086060706,0.1368307243621046,0.09558720820071513,0.07545106341764388,21.789165002691945,8.696909461784943,0.02066493661470331,154.12613198915741,139.1896495985124,0.09094342133907543,0.9676725941272394,0.07033093693606474,0.0006809502724168852,0.567750922986489,0.24898118267833294,0.024719907821340783,1.3871466603450255,3.3821260790030836,0.6932237598662528,4034.141064516343,3684.400184677533,0.08887619932750172,0.5387610229087997,0.3820982119186893,0.06819182436252354,0.00566671488520487,0.0023893541166161397,0.026157841698827428,0.2385263092315752,0.051692751692751726,0.00738511382616405,0.00013328497617123765,3.0032637718141728e-05,0.005777514846603968,0.00018728066713719695,7.363593812989489e-05,0.01752463938607279,0.0002523463920071061,0.00013180234527955965,0.02624097637713372,89.77884462886621,46.79631716864984,0.030391231035167738,0.006185419491761558,0.002701642115431055,0.019893088380231398
povoa,117.372508335845,78.29596220107875,0.06905768579100624,49.04434786774822,13.5310729846192,0.012599317015188584,0.4353000637298983,0.16807431498906697,0.016314528048793967,4.501483679525221,2.0,0.029362546429851564,4.469259339472166,7.886475855428147,0.309121288069569,0.9909466325616778,0.026559682740243677,0.00018707818625269168,0.4488938209518515,0.2747716288433872,0.042807172945161766,9.105539093913592,2.6551005337017743,0.01171828573434827,2.505948946570556,6.058809459491173,0.4260744533194461,0.5227307567034492,0.4290953436634341,0.23737617675329364,2.2927208916884823,2.2305545388963037,0.1142096615910061,4.717331460204548,3.891781583948368,0.07604243903740546,495.3663093986222,510.6956337093369,0.2739935267066824,2.8743703652787977,5.255595835276693,0.381291640841276,0.16539440203562344,0.0,-1.1102230246251515e-16,0.9999997788605636,8.757121682245739e-07,2.7659254921879413e-09,24.041418358420906,19.43108566976322,0.09872572270422762,0.3906354795439302,0.3214285714285714,0.06603075747954312,2.233650604225518,2.852612870970221,0.2047428149370277,6074.218724853512,6433.617241634257,0.19225300503070786,3100.785338530364,3498.134328262785,0.20756811053771185,0.16890936777606544,0.1818443886307716,0.11075964258928507,29.147853671141682,9.81671184037615,0.014158377135087994,223.02929387342343,187.75787008678031,0.0904156619834914,0.9522026676411576,0.0884938736841534,0.0010709101071537963,0.5642126866684416,0.1990713675316595,0.02062806159016866,4.159317158825414,7.6039315189563155,0.3103969472114282,15718.942141098758,13460.580704736001,0.08197922083911235,0.4789278810073522,0.3233982364799037,0.08238876126101267,0.0039784428582012405,0.001820107738361888,0.02326653519365313,0.22022067204951154,0.01270520253338539,0.00030074016746879043,6.785735979784798e-05,8.801515061640622e-06,0.002907219573951846,0.00014012379081615141,2.2255916258705514e-05,0.0053769120030596855,0.0002039832575856413,4.002259014524606e-05,0.004713400689009859,204.8158500084267,82.39460974268445,0.03549266928761303,0.02993295902635465,0.00037676658248113337,1.9990536719246416e-05
vila_do_conde,73.17612685828654,47.61159450286523,0.08133754066456614,38.78203644607482,14.562473593398948,0.025216101858847168,0.4490542525021062,0.1778869525904564,0.015684759827958684,4.0,0.0,0.011906044709175771,1.9992288769213893,2.4597305729534757,0.3865185323390044,0.9970416739055,0.008351501122330185,2.9835304429549035e-05,0.4524160716425205,0.2943372833257316,0.04430335578933288,7.318550996328634,3.2172494888788883,0.03000513407150924,2.416426318666792,6.275478223924272,0.4714139713993154,0.16808918038915746,0.4418960712216718,0.5175754597720407,0.9001873360452841,0.7199110982698527,0.09026102806264426,3.8708156330407855,4.690171661302154,0.17496202149047574,159.70466061509907,183.934794203593,0.1969459615605944,0.8951997458256663,1.3397186038590814,0.2337436390521567,0.28750000000000003,0.0,-2.220446049250326e-16,0.9999959084405524,1.8009004944530282e-05,5.330075673246896e-11,30.594774179330354,6.197716582672868,0.01727646261493811,0.6444009742439062,0.1428571428571429,0.00980656617997434,1.3445771268516822,0.947157695075375,0.22177424667553705,4615.768576214419,3845.646489839375,0.06706717920463284,1941.6082064986206,745.6802042006365,0.08388985812008967,0.1710471173405098,0.05300083851485987,0.10822314613571243,24.92947938133749,11.360462198227525,0.029639492590515105,163.54891733245717,141.1773981108576,0.10664488042042718,0.9475654853077444,0.10195411869051517,0.0014214076243093475,0.432990367612115,0.2789216584796857,0.0478351042727266,2.329898589552536,5.522838353464604,0.4553892893400368,11984.149556571665,4142.816888862115,0.04002057041398663,0.3912714332905085,0.11364759288620667,0.04796616750161517,0.004279131395567325,0.002693405309679701,0.04560664499710058,0.18282754633301487,0.013181715995063348,0.0009125369748566457,6.40876005647135e-05,2.15003250880594e-05,0.014689055787785402,0.00013782664985029363,1.918109498687002e-05,0.002828365633345704,0.0001994966088831767,2.6590476773990626e-05,0.0018748623135998953,228.8679674773381,192.86853029069687,0.07770072764798573,0.01572303443160525,0.0001616177389131817,0.00013904147193828786
vila_praia,93.56867121097204,88.511755717886,0.09505623002906967,42.03814216032217,18.77750316168011,0.023695593382182512,0.5061395968103368,0.1258684771511378,0.007525933121744353,4.713333333333333,2.0,0.035471942982166126,10.198806921127241,15.876410917824499,0.2611102863228134,0.9853290524367082,0.05358191611151508,0.0004763309999835293,0.6248621020342624,0.3294226719086096,0.027824125941296005,7.068889917336754,2.8651039968395513,0.02137511201550325,2.800626553138811,6.2970963673486455,0.4222294497578294,0.19943261577824636,0.5347436900039181,0.4708517371313895,3.718553461539563,5.0467731313812925,0.17027287128418256,2.701376196517884,2.7646079764520834,0.12187379340310332,245.8340540401503,284.48482336627114,0.13660890642434775,5.341712472540771,10.753801894322024,0.33847931948413945,0.2487309644670051,0.0,-1.1102230246251583e-16,0.9990187390680976,0.003909304009403147,0.0013891275613039005,28.733040440188308,7.157648150390344,0.034491912321294664,0.4896798584298584,0.3666666666666667,0.11491947674025678,3.889119170152697,3.4284879011061453,0.1614000525053959,3186.1118656436897,2787.495269136616,0.08855779458209614,1603.4224392126232,1532.576681997227,0.1109350552216364,0.14017515582700568,0.1129705953076298,0.08099683167657827,23.331220544982,12.017326590492498,0.02973210078034345,183.0277668667597,192.84580321485828,0.10992697386447826,0.9588237783643364,0.07318401755108139,0.000633258064614954,0.5477783487494918,0.2492275079700604,0.023897371749641308,6.857466197030267,13.011212286328087,0.30164911023410856,4296.5699061567875,3275.9008992044282,0.2048402478145192,0.5303139735222192,0.4324694083230537,0.08650528071376894,0.004134127576658241,0.002341005934849639,0.02600158231108043,0.20366696866908726,0.04029159143648808,0.0059663165000281605,0.00025581093786481416,1.2595501531088968e-05,0.002332475658291509,0.000422834574567059,3.552986106452466e-05,0.0014669592489483109,0.0005319551574288323,5.045824559886576e-05,0.0013219738667394755,196.6894907459057,206.02628383671558,0.13719341039173985,0.0030101424858980565,0.009180757241953195,1.0058674539212722
costa_nova,89.93189534251205,77.74731400787513,0.10002612098441237,41.772784334156384,20.387926095978308,0.0300319064585328,0.4873041047531678,0.18533500292228344,0.016584099103073468,4.444897959183673,2.0,0.02985558313584716,2.54602923062701,2.508918452515603,0.1544251334600968,0.9935834733242755,0.03099373502188485,0.00028332976912383886,0.5507732423537594,0.33012118947006874,0.04039141516189762,7.327353682050937,3.5500722237109685,0.02908142780658816,1.76568835623027,3.8215695641097223,0.4639851333014352,0.15888848052257826,0.5267045249394681,0.6041144997749084,1.6078040330825856,1.5934143434829269,0.10157529345404627,4.1032500949122985,4.125551611910549,0.12328282684587875,143.11908446432872,202.70841262600453,0.24369297510611834,1.920365651274538,2.8096925498158027,0.23885218792673665,0.3732142857142857,0.0,0.0,0.9999214939052848,0.0005281912175184589,6.964451993305861e-07,25.464756927035737,16.763344502670563,0.059079991127313575,0.5451569264069264,0.33333333333333337,0.06278023112971437,2.253441784135728,4.229210834549103,0.28929691831849663,5182.61133247293,3894.751237367628,0.07664859113561602,1865.1298511467521,1548.4958164343482,0.09571355565020734,0.1781205752912321,0.20801528818685613,0.13560063488351534,26.147105508977145,16.053389077157256,0.05185083557974562,214.77079257447926,252.08088570562583,0.14921311091460662,0.9605573856031824,0.09497217701183946,0.001235821774618251,0.4267882012616882,0.26663431585690545,0.04320015619673895,2.5445671443242937,5.192183583047527,0.3730812756644615,10032.383304554129,5025.982989832721,0.09437577837347998,0.44656717436973997,0.091860632823485,0.03009966487979708,0.004299572017677379,0.001385020391035305,0.021694900119237796,0.2291880697061721,0.02417295562620161,0.0045645087332409975,0.00016637468909819103,6.415722999443775e-05,0.017013285344510982,0.00021667616224405143,3.30234287740895e-05,0.002561210764100941,0.00021983640351795736,2.2276568567400085e-05,0.0019932494592538354,164.23016857539352,62.99471031422666,0.09073412099850968,0.061536583992039214,0.05059480163214603,0.08324794052303892
praia_mira,97.60071449313456,99.09356985335705,0.11818164613927355,41.82673920417066,22.691253018191613,0.034518267073300066,0.5332277674679077,0.13673421123441565,0.008138919459450623,4.498812351543943,2.0,0.031159584690366983,2.557173444911192,3.472955949006104,0.3310775592579439,0.9937576256189408,0.02947315023937025,0.0003300789047959208,0.6440599900902267,0.3080383023927891,0.02599193795284969,7.148215913433642,3.6871334904774846,0.03350068056352845,2.0503869276044187,4.9135031108623535,0.4786731213163855,0.15652481596916204,0.4654008872047246,0.5442078989546761,2.0146390365416784,2.6669929417297347,0.1946111035846154,3.4137603622965416,3.790292426473964,0.141173695309237,187.54435566299796,211.7468453577964,0.2571995084621821,3.5137610142984403,7.581120835343553,0.39415332505335454,0.3205645161290321,0.0,4.440892098500683e-16,0.9955978785701888,0.02459408490304682,0.0011286356411900052,22.17135677717821,18.446312745259608,0.0764824152117592,0.4486707566462167,0.325,0.05088730695836413,3.6527427132519295,4.174241506676957,0.1562036383905361,4700.221138791946,4101.197904110628,0.07436319249741248,2228.6804973794965,1698.0600214134631,0.07585503329022833,0.20325539077613491,0.15158318909404908,0.0862029812167443,22.40309240724916,13.478704362424436,0.043870392957475815,184.676535613628,206.3684478257355,0.1587981991899313,0.9715534570800356,0.08018221775670598,0.0007998366933796718,0.5351996437107438,0.2412209989306029,0.02548060982842373,4.538707769993134,9.644046970175747,0.40157418186407184,9489.450929277378,5667.148959493829,0.2222689199445,0.5287767257738473,0.1992286729323774,0.06756737089169187,0.0041493302318394995,0.004243422317124537,0.09806933427047056,0.22030657072147752,0.03255191516179479,0.0032747970485287018,0.0005188760120799497,0.00015734168053562741,0.011956305288692105,0.0006554208818492316,0.0001570592952718009,0.012102086781524685,0.000663065532567197,0.0001158969565896792,0.005319294736157691,108.109580130271,79.57213253119956,0.05050604384695448,0.017162674273887932,0.015382248884786957,0.12920831579390635
palheiros1,150.87363687750783,96.0500809021134,0.05939299936781393,50.73387679326663,15.612775521126599,0.014506892841083871,0.5807161378212015,0.06675634547774223,0.0033115711925524524,4.354838709677419,2.0,0.03706657101251865,2.074296534305118,2.015192316619161,0.11738403475704133,0.9968932894497564,0.010302162825307493,5.05262519787214e-05,0.7420065528492543,0.2541586626661333,0.01801257375517187,8.577566917130033,2.984304343586315,0.016058415490051603,2.6185864058928963,4.95571503333564,0.3296160252549244,0.01116369706315198,0.13336061669516566,1.619552107019684,1.3806444926417614,1.2422989661923498,0.0957563192775116,7.168640606002473,4.647209686424908,0.06267820545764723,65.81029331030413,32.51435537738302,0.026751945118382917,1.7066811867904874,3.261126045107098,0.2984875069014631,0.4659090909090909,0.0,0.0,0.9273437657013548,0.245842949294374,0.007426377482856549,20.87346687840136,24.575769216773143,0.08319918708712426,0.5125,0.29999999999999993,0.027187200371765054,5.219690158814559,5.7872316055980715,0.16215277443276038,4565.985833037982,4809.089766589939,0.12411010683572753,1465.9209981600816,1459.0175291529965,0.11645927508503427,0.09186825287263824,0.07324271932245457,0.07872753118434525,34.821076986531025,11.702855029422665,0.014518717846957366,484.87773060185026,351.48743700212714,0.059815003916698764,0.9776915936621758,0.08014983955396793,0.0007599030715965942,0.32050614710880604,0.14094983579098042,0.02309708735999355,3.867125813002017,4.9510412811121896,0.26204676797517,8052.195593098546,5461.437416704587,0.09154836835763616,0.4361601701293594,0.1033759707306523,0.007334253616926664,0.002092672013196837,0.0008253397853551272,0.018633484305467143,0.10640333733341427,0.01683650863978732,0.00292331745375957,0.001613051758414164,0.00033718047290147543,0.0041147571300575465,0.0021932192780277538,0.00015016702596730132,0.0004524276465007964,0.002148335171382553,0.00011939029551749548,0.00029311359140461133,134.01102015489948,61.364625136472114,0.026443814365991733,0.08754090696587191,0.04885460495558673,0.03945294349050882
palheiros2,75.57372561554057,44.425676251539954,0.03840043915081781,35.94874241670414,11.388920122298465,0.011349098606938012,0.5647487860867445,0.08658259389755019,0.003128185634263409,4.0,0.0,0.011818653357752056,2.5399467307562578,2.3617783249297832,0.19827539263456176,0.9992031707747168,0.0034529873043698256,1.719673793545187e-05,0.6638416075291932,0.24565152839114926,0.015740345282760183,6.32290976445288,1.8664677457907564,0.011624201595289669,1.020465787598858,2.5096492455284647,0.4577518474232534,0.17157498050348316,0.5350588271740371,0.6145209499656181,1.4101098282608262,1.0429726010404168,0.052880293517793546,3.5577302483649875,3.206061037237795,0.09985175528634303,182.5681635430767,189.77346646107415,0.1429168499124468,2.102757562091348,3.654829242167168,0.37013730495949865,0.4659090909090909,0.0,-1.1102230246251556e-16,0.9956750440566188,0.01409436081656601,0.002736329932404032,28.73651395505291,2.1879065826119866,0.0019278166036225614,0.6306451612903227,0.2,0.0999927819949703,2.0246106106305466,1.8584512255168213,0.1133995317698589,2287.631842169014,1462.1780658333835,0.05655813230564032,1103.907443105999,662.6623741510949,0.07663429855403578,0.13529183573763798,0.07344915323929675,0.05383530131802381,21.01443457742671,8.652444437242952,0.016847061721077555,159.76226729953981,101.53662204196036,0.04960946483468951,0.9640412418474096,0.08104174010966236,0.0008064591634874193,0.4835941457579091,0.21482392438069065,0.02373293624503625,3.3457980591361083,6.438564461398741,0.2797227780481033,4147.613026956319,954.2888026655542,0.008465212182120483,0.4377230054452937,0.0742411239209203,0.008223026448522838,0.005804628002447604,0.0008485057402199222,0.002619718150373327,0.11322964696078924,0.019736991786681233,0.003512172876592541,0.0016523471884325113,0.0004451109819475457,0.0075400233179495485,0.0020835702009079702,0.0003568457751307733,0.0023448374732359355,0.002076571452994635,0.0003176900104448253,0.00182971158242648,100.0236714206588,5.797297866704169,0.0004047347299283607,0.08429172510518937,0.06100981767180926,0.06782422127892636
palheiros3,75.3376507816315,55.517193121910275,0.0738699988480642,35.441251854221775,13.210119474115565,0.01852440835275285,0.5834039320204546,0.07285235405100188,0.0031480571573703747,4.0,0.0,0.008592094295707224,1.779767038510195,1.6969023582205054,0.2916556040668183,0.999329940814456,0.002704274570775156,1.3827222868570016e-05,0.7041478731822928,0.25092114033998936,0.015011068235998362,6.313195307693948,2.212317711389736,0.01570092028524008,2.665202410763624,6.728368236699523,0.45076673116181204,0.15984733220041547,0.5663010997874218,0.7312032108295058,2.179146951420999,2.178723300134371,0.14636188621571175,4.6069642579759,3.171955566518289,0.07688827076785744,95.99747953903568,111.58548838236936,0.16869131011510158,2.89869661723013,5.1955042474311695,0.7179989083956813,0.4659090909090909,0.0,0.0,0.9337147813383964,0.2271860709015472,0.005092304301974415,28.463049164917823,1.5982380240380465,0.008547439921817026,0.5120833333333333,0.35416666666666674,0.038458516126710265,2.8170581304855684,3.157280703988945,0.13158138681201173,2222.151861028256,431.1085902266814,0.06891173017922092,926.2673180933389,640.2046737890737,0.06444171271965993,0.14125073554882445,0.16726952428931907,0.18108489491709276,23.41452653771673,12.965614324860061,0.03968947100483841,206.99081920797326,221.54474265247657,0.13389781113629198,0.9776995492415026,0.06804947857944332,0.0006335139843935877,0.3956896805871815,0.1913406539563732,0.0311845300778448,4.180737078635855,11.097796224243533,0.558767722216032,2832.3606340807582,924.4445796436045,0.14532086668522962,0.4894376976237605,0.3051135760462873,0.06670914100374256,0.0055142106553799355,0.005424715838782235,0.16295939433340728,0.1151919240465672,0.009490259865072443,0.0023699484927397108,0.001957895102562864,0.00021451612091021382,0.007116616053766178,0.002375596078604077,0.0001658759137412179,0.0024342448910708104,0.002363365784398946,0.00017006888695838152,0.002246217899897433,89.80617637417649,64.14688050858516,0.0659581087229321,0.05301542776998598,0.03202431042543244,0.042696912413200484
figueira_foz1,50.130966126418606,43.50443166903368,0.0952111547858632,30.14697773971313,13.699055614815881,0.02718226919830943,0.5150350089231622,0.13330300359864822,0.008215520999301559,4.641975308641976,2.0,0.02211732611284263,10.304332012479646,16.833592926216358,0.2413297489167504,0.985920345234892,0.0511562642945792,0.0005199204742745195,0.6587868155614816,0.30435253338868784,0.023530644124562,5.135963004426241,2.369892441561817,0.024848717795513408,2.0523977927198667,4.524172722344705,0.4303794337469077,0.5569529105655423,0.4200682157177221,0.06998987392868526,5.313976186482666,4.066310255507261,0.07622301775573029,1.1977442253940804,1.664261035096244,0.3859089788518765,170.4984959617093,176.44026067981872,0.10096660236964136,6.813847676084984,11.068064400105458,0.2746201019399208,0.21021377672209024,0.0,2.2204460492503284e-16,0.9963197882185308,0.017866141433023675,0.0006763232005851565,28.383278218352636,4.84866732351119,0.04009383565384835,0.3276595744680851,0.33333333333333337,0.14702638412295166,3.844164153978024,4.9174023231445965,0.20010365617635628,702.3949175888498,578.574597471041,0.23524140591910725,457.5068485969082,317.522959009448,0.22134819952733772,0.2160707925196038,0.1357804984846327,0.05904002705527644,14.054881984246947,8.12210026512138,0.04101322760131328,75.69798062713001,74.95693072924719,0.13534475880237828,0.9632340792454042,0.07107064108627836,0.0006825759749903497,0.6920382235163544,0.29603432962534204,0.02288292807199449,6.469452117883239,11.84400865955567,0.308722570880218,1637.5853191008857,845.8364104120275,0.08302225832231654,0.6226153881646054,0.2667080169326917,0.03683184618971399,0.011317832754896685,0.005613804111825698,0.02590208081308348,0.16875419288737353,0.02570760422175214,0.003011357058073094,0.00036024190910089577,3.922464240541015e-05,0.0018289913576179477,0.00032984672939846964,2.073250552430642e-05,0.0005142954170882373,0.00029751303789843744,9.74578803067573e-06,0.00017066369295246238,100.16882938490562,59.03641737141386,0.06177498794063326,0.0020970146886202853,0.000222962469464801,0.4670908024034636
figueira_foz2,74.2592644883481,70.24552196388632,0.12880452103257015,36.63206956669757,18.97528960288914,0.03546061551323595,0.5216765497515172,0.14266073973284388,0.009087019593865738,4.451048951048951,2.0,0.01842588256220032,4.648398888510892,8.240113119890555,0.2978436760488874,0.9938099218319508,0.0299283913381474,0.0002522163273803326,0.6368658808059074,0.3204271428866654,0.02766207974273104,6.404196555110185,3.3478212724680985,0.03579092823662838,2.5269815883745466,5.185862101382964,0.3979448446281629,0.32602550564593324,0.4749654216585524,0.4108347798852946,4.4527968430058,4.869957154209282,0.13164895109629735,3.220413891784349,2.859199888269183,0.11355204420775662,211.69800427648883,207.8181218634132,0.1890879335497844,6.210870436121574,9.062185741105722,0.2296741517489236,0.2102137767220902,0.0,2.2204460492503224e-16,0.992033606600758,0.028501043913218393,0.0002152545945962183,26.80903430274345,17.079395586275886,0.07344543623286752,0.418626673713883,0.2499999999999999,0.08792836872355465,4.6201103871038445,3.3609595477746916,0.06940057456756811,3953.616090819532,4110.590326684045,0.2022834557961256,2015.9666833829126,2658.266243519063,0.2078352634943801,0.16595642937828334,0.10242544473228736,0.0989215348355398,21.60082428521339,16.670150565870532,0.05969253442872341,154.11194424394586,190.20175463660192,0.17330216222958114,0.9664127054592612,0.08041756271420586,0.0008768950207012023,0.4892435424990419,0.2378188084457996,0.02741265361126216,6.458264415970538,9.504311729673995,0.2287498161663594,20278.511644616403,20665.681919925413,0.15437030028956647,0.31834056132412125,0.12348504662078047,0.017530726729803228,0.005805251590633321,0.004178375944601024,0.08447784435067912,0.12323970478001416,0.03585241353596634,0.009930015461438766,0.00010359514883784614,5.3291679403942246e-05,0.025715282872822213,0.00014662142691530968,2.416533271781715e-05,0.0036607090677678008,0.00021621033984086304,4.645710368394367e-05,0.0043539028713893545,321.9720842775136,0.0,2.2204460492503109e-16,0.17996180324228292,0.0,-1.1102230246251553e-16
figueira_foz3,130.34385974647594,152.40155009098586,0.1658519746101932,48.07027585639878,27.24458844304368,0.046853808086708734,0.5252609579080084,0.14781356333421505,0.010106821264859955,4.680232558139535,3.0,0.0423462982357668,4.678733981103501,9.825281142467423,0.33455763058970484,0.9864105202669228,0.050724913570124215,0.00047728057034049034,0.6660911629291503,0.3144333188651187,0.025365433348937774,7.924353758459268,4.510226942949639,0.04652929493490286,1.953270792663912,4.870659551497326,0.5136363205033075,0.21366614413033225,0.5562363758279021,0.4636918986181346,3.3010544259722607,5.733727329952639,0.2938599746240473,3.830872964115616,4.856697495010796,0.17906957014395322,213.27950939096647,149.50040407561346,0.05865651830219764,2.057738139311428,4.149399031622793,0.6859500994899944,0.21021377672209016,0.0,6.661338147750965e-16,0.999939058301462,0.00024364196085113754,7.920301775991757e-06,26.31238667873365,20.85045992508136,0.05502660705894998,0.4253306878306879,0.4553571428571428,0.10057478145744668,4.429523907147264,3.262765471834343,0.09869943081157892,4807.490830609836,7331.824216896797,0.2234765924669337,2044.0030853549692,2373.2074111297,0.19261834160448715,0.13624432039259468,0.1450548795735628,0.1256689866535611,26.465607164384302,16.328193015609767,0.058105078637847474,258.8134126934857,327.7286878830371,0.23053746995913335,0.965592176337371,0.07200008375755984,0.0006606664426161951,0.5018007197849904,0.2426058168878479,0.030917035421037683,3.5358855886564418,8.674180983829231,0.5004502919016776,14632.765311222849,10901.625730835192,0.08867501977900097,0.4370353350666821,0.2298500864797564,0.04211300999590068,0.004357467890379857,0.003546959777217783,0.13734011803026022,0.19556274413789526,0.01942403278784036,0.0016823007326675792,8.094505410843467e-05,3.1605230569006704e-05,0.027085339414769625,0.00016051196400658577,1.3406129377043816e-05,0.0009742990339732672,0.0002396117748535627,2.369980298159676e-05,0.0014007139461435561,243.346717293613,220.4279604889408,0.09583401813326498,0.0007920053297801466,0.0008030202087497225,0.12020313987322127
pedrogao,129.33425583481065,151.15577419687997,0.1434002348254878,47.24744464153857,27.33158039536097,0.04004139825963555,0.5479304822537462,0.11215561643855733,0.0059141994697225145,4.559782608695652,2.0,0.037044762281851024,3.5837591136122358,6.217111305895131,0.3319238220286331,0.9909776058456792,0.04402498441604419,0.0004160575555163853,0.7163322713052176,0.3156335729459057,0.020951018963393516,7.963647619921379,3.831880581715208,0.03152677131300649,2.229270657329192,4.722302913652546,0.3851283122110916,0.09001512978663764,0.3736177133230466,0.8344690165666457,1.9641889408303728,1.832075193599736,0.15892471297767016,5.651525509354478,6.175715913332717,0.12517086622959955,101.3107135310612,109.55428806314406,0.11362533104775205,1.8280774462731608,2.6613926607206224,0.399876277004056,0.540772532188841,0.0,4.440892098500608e-16,0.999990919849132,7.10742322389546e-05,6.458121945660335e-05,30.791015489268897,7.162850814969528,0.008527637040473242,0.6860453648915189,0.33333333333333337,0.020541929287436603,1.0112164048700638,3.889271155523612,0.6846478268898992,1637.5302975811273,2554.023822797652,0.374000429710408,651.9487899689589,742.1299864014197,0.2039527622882019,0.0679823107952495,0.049565429631995735,0.07094410418325532,28.177274129685866,20.33273068709926,0.05460867549594632,346.41231043060395,533.3542962973951,0.21115990926500555,0.9860926794689686,0.06708731500986652,0.0005298038304628028,0.4226229349473602,0.23998227385373802,0.03987160522185928,3.1789350058513968,6.595927872679838,0.3950685014145432,5632.295496171798,14594.265607224932,0.4359328182969314,0.5536442761234204,0.2256313802159435,0.06633011533915611,0.0028751890179270962,0.003450335452877461,0.12572123559215725,0.18336762954837849,0.056860797943805136,0.01403240054808683,0.0013847061091977564,0.0013127037101701275,0.08074589445210975,0.0016543879198158676,0.0008530115833423518,0.0316639802838533,0.0016390366535986856,0.000686519305814778,0.019978370706762057,174.25110247770596,287.77452521757925,0.2985692188348176,0.022891580874774158,0.021475256769374416,0.4364665269272975
sao_martinho,162.84052862717053,168.31720164676886,0.1410054843675403,53.506158068433436,30.09171485908948,0.044073520198788366,0.5255593680322855,0.13385792285919462,0.00776291981309475,4.547008547008547,2.75,0.05008643714045575,4.687005588335821,10.446654865629274,0.38272691780711976,0.9895060530402198,0.04822038875831791,0.0005912415248345308,0.6772862670477161,0.3336659575738773,0.024815248096743125,8.771270261286409,4.351164968147142,0.03209150698958203,3.7376091137789436,7.2112330256528425,0.3345565701934817,0.10841216021644384,0.4129248368921599,0.7234360720890481,3.7519152431980833,5.1276236289447965,0.18094854656715487,4.9690388946779285,6.159372976372546,0.16755917055430278,108.37800619355404,111.17509809865301,0.10190275467594312,4.904788325967797,9.364889384427466,0.2857602807297009,0.5666666666666667,0.0,-1.1102230246251593e-16,0.9956748771744796,0.021933040911800702,0.000503852736283698,26.621000489023107,16.047186823757492,0.05458329859143956,0.5445075757575757,0.4166666666666666,0.09727054428782787,2.618403095969509,2.4330835030447906,0.1505151770559395,2932.2540933874725,4213.599039352316,0.2170183165727645,1233.6098818710802,1427.4124551487753,0.18130838333003246,0.06050505048311389,0.0493064717303052,0.07380657599456576,32.89877537052838,17.35629180858436,0.03795062444510047,408.57275176323003,468.1427771406094,0.15226144982284232,0.9658838385568196,0.07929454919505785,0.0008197797217095793,0.4125447005664324,0.21306791935507707,0.03310520049905704,6.55306249930513,9.431195277670984,0.23251052452183005,5853.668092538927,6750.511308110799,0.1997808662819361,0.5221178038389274,0.5896232521932034,0.11519034250022285,0.0022119116206646555,0.0013870063029607564,0.1092778264356359,0.2050038176136237,0.016003425209685784,0.001414337781118214,0.00036549928026814336,0.0002400433434743786,0.04786255297994694,0.0005419101754825437,0.0002103826948202964,0.015523055763485796,0.0005924085771044853,0.00013772946056149623,0.007734042149378898,275.5993657722191,45.5246320628217,0.047958588777416086,0.007130346894837767,0.01037707766539982,0.9726814129070248
ericeira,72.91814558694706,56.203255759820614,0.08098464820779169,36.49318744838649,14.81555765444951,0.024355781339784124,0.524685675311364,0.13183522377382886,0.006972779764171738,4.914285714285715,3.0,0.03742815073175844,8.528020015536228,15.126649832142574,0.2572441781236632,0.9848012618349514,0.05281029320629749,0.0006216657896118666,0.6851938265625706,0.3349538546526252,0.024468967818567437,6.021337362959444,2.4196522913035943,0.02061183932907104,3.1221246477986497,6.6624534493691305,0.3814097418787609,0.3704840248917152,0.4259569653593324,0.32035665520142736,3.9092435144875672,3.4112855394179915,0.09394528338527297,2.514034872797972,1.8888748570449756,0.08030429899784207,176.88210546065574,127.88569804226508,0.060333322619382825,3.897539770176825,5.495238885608346,0.24867653169206785,0.21317829457364332,0.0,2.220446049250316e-16,0.9981844136304404,0.0055788344858805905,0.0005200662615304313,30.606365532628175,3.8055783038565285,0.0031292556553934236,0.4056291390728477,0.4583333333333334,0.17243697578559386,4.513886540613789,5.686335521719112,0.20762801438100772,1008.8902001642987,810.5674670907437,0.319937819689176,526.7850617168567,411.76311325435023,0.31531890387578804,0.14530553276609354,0.10028879576943206,0.06464007205016545,19.481122954820407,9.128374095993047,0.02733619437126201,136.42187092127506,132.66231785509189,0.10665107719715357,0.9553127806602779,0.08140974384139021,0.000989679995789757,0.5686006842036739,0.21229536113532227,0.017299660862985452,5.716781445923175,8.61608871057576,0.2767804824001438,2220.4297919152395,1542.1102426955492,0.1272811610602962,0.595773319601687,0.3388145568379245,0.08252284145377498,0.00703722873890095,0.0016475042524488268,0.010706987885530395,0.16918817489297044,0.06705829420086334,0.014578342380678918,0.0005103097445823122,0.00013686061630051555,0.008066545563361432,0.0006623659036625347,9.5549457452976e-05,0.0030994823415263564,0.0006925020268002379,9.448232248633083e-05,0.002405862730323496,74.5279131424643,43.3523383984954,0.04400344640782117,0.0013078780842631812,0.0019639670629716427,0.1841824362719566
azenhas,61.37730492181598,45.848961621392895,0.06378193513160807,33.072996126533816,13.021021113304439,0.018232338401530646,0.5253265302322442,0.13847972281950915,0.00874715193115442,4.5098039215686265,2.0,0.03571200886806016,7.4726896479021905,17.78605482688488,0.5206005980187661,0.992969027881304,0.03126171760916263,0.000664509084792968,0.6508578183690887,0.30614741212079644,0.02529892511470523,5.526192940644688,1.7369302731026828,0.015359100306352545,8.860637792653518,17.9082206082052,0.3783132189255521,0.06846284212985926,0.2824605577392163,0.8419495588049459,7.343931500925884,5.828016081523852,0.07481445171070215,4.270009012162936,3.1253195521716237,0.07627795108984352,86.01066892950365,172.93688252682117,0.3245617369372605,9.131203297919868,12.28032505184487,0.2218764343780508,0.5692307692307691,0.0,2.2204460492503086e-16,0.9405920000661848,0.0670030690947544,0.0015683719609459047,32.88268501717452,3.9522951978514698,0.03725992371104543,0.2733333333333334,0.5,0.3835452928612696,5.54033162594198,5.949786987952912,0.11435139227862855,3274.2448225552753,2409.563483072489,0.04039267437542314,978.1144019551872,484.1766855282008,0.020117820643961316,0.258125391687266,0.3467580345124041,0.13611052322300718,21.35920043745739,8.071891992710999,0.02119802043566644,181.32249661693373,134.44249849841796,0.06681895789497311,0.96774540366641,0.06603725844868913,0.0007763492356033755,0.34766754681025297,0.21749821769777636,0.0532408174871824,11.386885259451716,12.243775617925087,0.17047420927960186,8380.172920082623,7741.393628933465,0.1044298606411227,0.8437428530326941,0.07276751363447087,0.0007428226641461447,0.004889956340506985,0.0018384213613114261,0.01323787271342108,0.0766239222762033,0.003923136174511482,0.003092979730817977,0.00021957991943259342,5.733700410753787e-05,0.004973972895902786,0.0003547123434799349,3.669812706005762e-05,0.0006959178548333035,0.00034451953118679746,2.406120809172573e-05,0.00036119360270582405,63.75695995810033,57.21624674345354,0.08248167869471591,0.006574213239528758,0.008978590964821277,0.15146027633805847
quaios,112.20291283802617,142.29816010089016,0.16145800366953836,45.27326418742942,29.32510002213993,0.048516228226154035,0.5541826499641533,0.1030335129224823,0.006702094486562778,4.3841059602648995,2.0,0.05282474396642888,2.8809557734894624,3.4978519939077257,0.15735982510498245,0.9902211280974283,0.04608914568991829,0.0006897498480227192,0.7099048864490797,0.24112124882503735,0.01582399263136983,7.307040707729277,3.9282613770439814,0.03704705335516335,2.216298202381485,5.189412518334341,0.4315088257483628,0.033449724366172016,0.2289729471958467,1.1447352598666554,1.3898808868523471,0.9421695997027489,0.06929478912148755,9.817672653032961,9.029131466930924,0.08447696752002605,68.80617942875287,43.93972878037072,0.06816288120951293,1.1861140015978435,1.9120105437074029,0.5051557566167815,0.6799999999999998,0.0,2.220446049250314e-16,0.999967902415038,0.00031644623940274563,0.004969746701991836,30.011090524978037,13.420201817220475,0.01995291357518403,0.5975983436853001,0.2142857142857143,0.01896295783529829,2.9730351095457053,2.228070093248835,0.104373953301407,7884.571692618871,4381.047569570544,0.05388456122848419,2027.0546797129507,1421.2962947155982,0.05411219933361213,0.10030167674457628,0.0676435811164014,0.06696237632177783,33.30782234284991,20.33895798351287,0.046525803834236656,458.6690895069728,630.8240756232658,0.1874251022313091,0.9868697012387958,0.07437434736856474,0.000661992393485846,0.2611511815629758,0.13147693402432215,0.030282332229281873,2.8655811419450674,7.369910503750465,0.5013250758188509,13475.472853038991,3109.9847156832984,0.009224275820179244,0.5103589945376777,0.07879316798480307,0.06540426471137556,0.002038443691484017,0.001023248518814552,0.03409200589978748,0.13817405045834893,0.011589383236077916,0.0011751740245360626,0.0006259800618911437,0.0003232501788246356,0.029589981414685107,0.0009020920432861305,0.00020500258021393617,0.005677724152208773,0.0009959548908895118,9.190122100379449e-05,0.0009716751998060119,164.5773721061577,19.443281504265684,0.0253766081296202,0.0948197572050783,0.016013344453711432,0.02557722042961077
vieira1,60.05753389239705,45.318555085408896,0.07462708651543505,32.25947987640854,13.513377777702047,0.021624051004544242,0.5674685374248349,0.10346556856468436,0.004883727575390861,4.49609375,2.0,0.01598899607210477,3.2203803213254725,4.572529587630108,0.3395759129322017,0.9972375645830579,0.015216647428356822,0.0001422016472576739,0.7423717071551499,0.2948097339961626,0.0179441671118381,5.532835982708519,2.153080054755951,0.018957200189491964,2.3405253905472434,4.632622157210905,0.3769291688923197,0.1613477093391741,0.4680920344961947,0.5171784799037389,3.042110268730404,2.692127679928996,0.09922829163273364,2.769044379724503,3.193942490783391,0.15319622351026574,93.31099066312237,80.71367335802033,0.10154635103478599,4.50709052520786,7.69486974537603,0.2771791246273409,0.3773987206823027,0.0,2.2204460492503104e-16,0.9997870281626716,0.0019487681015067926,0.00048344985937355154,30.39313689965984,7.888320825715341,0.008313430810184845,0.4758986928104576,0.4166666666666667,0.21768412881846685,4.834250887367269,4.994586981294239,0.20124032555248925,1098.4391483787876,1196.3650487672885,0.1638054429264629,565.7540123488908,642.0797620344063,0.114185143484725,0.17065823774112238,0.13265044588366534,0.07732564607502196,17.82025569211937,9.904675588641037,0.03663962240116318,122.64350021783319,132.64672224607446,0.12334759009378475,0.9779985968297172,0.06315575719921074,0.0005702925386040039,0.5210651298777216,0.2485162760769756,0.03044111760323775,5.570289617252126,10.068809619080524,0.29637914360009304,2968.929824313789,3018.155420836465,0.18929134105878395,0.6617103820483913,0.5056759358897674,0.06608935964753837,0.007159681481925045,0.0038036762234128353,0.055307734524410616,0.22048382053381346,0.02820820166357924,0.002067933431129856,0.0018806211080495405,0.00030129850865931885,0.003128884908635135,0.0017146736471051016,0.0002218415512011524,0.002533515517733204,0.0015062899492603301,0.00012799754347627887,0.0006613390573490504,75.62116670634781,7.048056893751892,0.010579588453625548,0.027262044653349003,0.0016010575793184466,0.003852506409494601
vieira2,129.45138173820447,138.50731490815284,0.1468883587876593,47.88818608841258,28.930407964584965,0.044035178169574425,0.5637875848663061,0.12053292441722985,0.007260049083364762,4.564285714285714,3.0,0.05026269035293072,2.3539532310050557,2.8856779919759568,0.18807946947633614,0.9906431507761372,0.04181005992196896,0.0004063282276150384,0.7207220875600829,0.2692518188467401,0.020305390741549925,7.853464287153468,3.7286938895876656,0.0418330058593622,1.477440694063009,3.663412190741397,0.487275767446321,0.16666906329756567,0.4038088732929033,0.4282656319519395,1.5076254277428902,2.707523725363867,0.3272228607136972,6.311415090908737,8.443083672522,0.234001899255335,180.83245069182368,276.9520036180959,0.28383942774526355,6.313676136652738,15.343455370643673,0.5042476045099755,0.3773987206823027,0.0,4.440892098500649e-16,0.9043644073163136,0.17152884890515352,0.0038440519158191282,30.21788576745223,18.60076000582935,0.04265388919497379,0.4203418420659799,0.4415584415584416,0.08583875440250313,2.7691579246024944,1.7177521156415716,0.08785839582511988,19179.115275063108,20819.614104633256,0.19452987737803373,6298.737939227827,7042.569930582842,0.2064379447716037,0.15626585207408514,0.1907278943123412,0.16865034662705036,33.60143891168792,26.867946000447336,0.07942031890883026,436.109740296634,641.8886368543458,0.2257357179536311,0.9801087868772064,0.07197671980564667,0.0008094884525754862,0.36392124417849,0.22466745028271976,0.04534421189199517,8.446930471056254,14.434041385518,0.3196271790154296,49310.77960291733,52923.407325098065,0.2013237036772353,0.3063244373065814,0.0047808064765448854,0.08199041853543583,0.0021864663981415954,0.002194149548586203,0.09417834550436248,0.2191935560857434,0.0016461145005501887,7.140510134040727e-05,0.0006582842715118437,0.0001945711597806781,0.04720546441515628,0.0011313727172799356,0.0004570694619241212,0.014361828467113412,0.0011587928134467712,0.00026749795003862915,0.004690724955233379,566.4490846658038,0.0,-1.1102230246251563e-16,0.04371327849588719,0.0,0.0
foradouro,97.17907136196042,91.28108053177132,0.09710201435348542,43.411557343410934,18.274198784558106,0.02238076418688587,0.4960313455727203,0.17596726048813116,0.014374290101101582,4.384615384615385,2.0,0.02408782138587668,2.3501027610047083,3.453037528522892,0.39875879354710986,0.9963006988263796,0.017550573263201752,9.783753331894468e-05,0.5518211426259879,0.3573948712869873,0.04437291828632136,7.9084907366002195,3.4065580936587576,0.022983982973350074,1.6338262760470394,3.975593172043716,0.468674684260448,0.3601851812674347,0.5005113221952495,0.4002759407588613,1.0331265805355732,1.0485119208664977,0.16352764668492958,5.476077672439773,3.4431456645420333,0.05207392803726544,122.04454860529923,75.96254615203735,0.061852788200751685,1.159264465364833,1.5321701147859956,0.2169427676269932,0.31932773109243684,0.0,4.440892098500616e-16,0.9999999222979056,1.4591261049412554e-06,2.049171815193646e-05,30.76508852664917,3.3139908970962284,0.002113776973666456,0.540021536252692,0.16666666666666674,0.009809716726174951,1.8355403265407075,2.1392384410910767,0.3166048007624816,2110.518344374192,895.1959913977963,0.047876934938056205,1004.8414779059448,657.8333798870708,0.07265107661581571,0.12887158487542727,0.06420038273495146,0.038079376348294613,26.151718170123697,10.517797065505498,0.02194202709189241,214.34945822066075,251.56445740379039,0.1543879645035274,0.9658094025069832,0.0945152566753228,0.0010329593574668744,0.4943893773931604,0.2763502369328428,0.035140907650784904,1.9789926091094712,4.815201936588932,0.4481064142475778,3373.2037149019416,808.5485070290033,0.01169699367292362,0.64547400875928,0.1085364727003466,0.010367378319585724,0.0041472270053264865,0.000913679069598884,0.01004851048878841,0.19558688466932744,0.0358550533154606,0.0039157593127621855,0.0009175368754026767,0.0001730162528029639,0.003818041960604383,0.0011278862230082955,0.00010382686244192215,0.0010640904995361982,0.001118802693545081,6.501696536896553e-05,0.00046637848098124473,60.403196928056076,4.159039627798805,0.005215757618677583,0.009345034942304566,0.0038657101065682244,0.053678732682882514
nazare1,61.5151326527692,37.360936943116826,0.048891856496631074,32.11971366891188,9.317925164781956,0.01166880024936274,0.5718236167655186,0.08582075115849819,0.003348453053196625,4.0,0.0,0.0013437018216236273,2.505976503437982,2.430327003215205,0.1968306211407798,0.9992295769819104,0.0035174906816687326,3.425209022997299e-06,0.7149206837477493,0.2754553003064897,0.018256755611510085,5.726941573509167,1.5932129403810826,0.011135381160207729,0.6909964789336756,1.131021568832864,0.3223185673726481,0.4981441686938499,0.3058580839179173,0.0431299587696558,1.9148736683308039,1.401293790435569,0.06774698451921787,2.2441731712373563,1.4969017022806037,0.05483584009605229,163.64733318227806,99.42461621176123,0.06348229528136003,2.2133617756857635,3.619959837107341,0.3235593765706179,0.17615176151761516,0.0,0.0,0.9986377390029556,0.007750682281541744,0.0002515297157188357,28.27730704258472,3.8122946250970213,0.02667934104779544,0.27771045918367343,0.375,0.13866211432065145,4.519214509742452,3.871518948619919,0.1361647279744492,1297.7875798528207,1419.5842567359894,0.12479904233145672,788.5158776446982,942.6731789749753,0.14907439097179154,0.1329194052162127,0.06878696099941298,0.04204397469948394,15.381774210116193,6.020762900452543,0.021197643087153887,98.15504916176012,78.23614024357285,0.08027571386356286,0.993143189425838,0.018406045399406826,7.224565580133477e-05,0.6697990771338704,0.1743441961807889,0.0097901112118512,2.242019985047136,3.9965950579318883,0.3628208347679836,1480.0446855292582,1347.7094041484559,0.09131756826858356,0.2211686911670864,0.28887610508215433,0.1850725933020595,0.008972230136138877,0.004580259212625904,0.03086170114510892,0.10953348904396236,0.06427270361696591,0.05513142978082318,0.0004078343661515232,0.00010691229615008436,0.011335976445399385,0.000445584522666432,0.00016223990995614548,0.016369557947977,0.00048139755214512736,0.00010606475128896648,0.011354400579317792,49.40115502197726,0.0,0.0,0.002511141328622048,0.0,0.0
nazare2,253.1279956514417,365.9631024318181,0.22579926357260016,67.16819668412867,50.76688500817895,0.0703307183075981,0.5070748311772195,0.15005780879469732,0.008987152818345268,4.307692307692308,2.0,0.0660320272915404,3.4464245159160583,5.939896068759853,0.40249543029781504,0.9957722219544756,0.019244914410746827,0.0009393539201481836,0.6127133517392522,0.34410700539378797,0.03038896608087653,11.627561874861527,7.986057194089319,0.05776984320201604,1.5048636417651768,2.1916002272228403,0.3108075936253433,0.17331926243808846,0.5453690976642662,0.6195974510928629,1.9942096639372788,1.842239797280352,0.10807225078803036,6.008236311001119,6.930904201408621,0.1496213629213343,179.55325028621849,106.49215210266986,0.16284670227380293,1.4560536272440392,2.1932712169971182,0.2876939680504528,0.17615176151761522,0.0,-3.3306690738754676e-16,0.9992449117171628,0.005745065268045191,5.972625409467395e-06,23.962301263966317,17.097650486512663,0.06543622030213682,0.5830738705738706,0.2,0.06377895343577263,2.856140363326351,3.0985641297674973,0.20784938143006385,4095.7276610480512,3390.333263079337,0.3002421800760986,1884.7049638046253,1836.338009195489,0.2854078576708605,0.058378414503415035,0.08532847616550558,0.18851889455177512,43.86528152660928,32.33779259883013,0.06543239261531142,697.796411369764,1191.6831959891874,0.2450770116971838,0.9725332590023904,0.0765057220659574,0.0007128394960181643,0.4375190289878513,0.23984122258438065,0.03500214545488814,2.0645056174352923,3.49348264725638,0.3586126876638159,10032.177123701846,6661.88781206254,0.061343955239078436,0.542365290297061,0.2259957764702097,0.034197311619348345,0.0013109297168780814,0.0008806534119278533,0.13813164780092305,0.13123520373783248,0.016852015531837402,0.17491435524434795,0.00011943492279950312,7.595997873041458e-05,0.16409295140447722,0.00018382624484695665,0.00014627833744230393,0.1972441384793784,0.000267173670539536,0.00013462293850361674,0.17147156000039745,230.9228805401196,213.4907238246464,0.11439067480222286,0.01610193163626877,0.004476382368413216,0.00936938277404463
cascais,67.68621430429582,97.316308630693,0.2130560218306396,34.945717895832125,24.18315187491773,0.0566875490017686,0.5166207626539455,0.1414487937785942,0.009004027335464765,4.890476190476192,3.0,0.04976560924657622,10.914701803794095,17.422020812475484,0.2477662799019477,0.9835862349782676,0.059808417549661826,0.0006944113700290243,0.6486034073554426,0.3087259425729886,0.02465810546966444,5.816556909604846,3.683949146056558,0.04918395074177299,2.418084429348958,5.30442642646328,0.4241587133823341,0.525148152755449,0.4213456028999176,0.0822334983335087,4.062765682172004,4.111861542522521,0.11704474948232432,1.8450429102168333,2.2496511818190066,0.1881343321164362,179.26517730861846,96.68805062514721,0.11254605594421688,5.2845335221550425,8.700634775071208,0.29866982443213363,0.14652014652014653,0.0,0.0,0.9867061607452534,0.029783372946627695,0.0011999642368727206,29.567059191918712,3.5745358089735757,0.043110353513772015,0.3135810071154898,0.375,0.3319706487525725,3.8230532479144665,3.5023116315075207,0.14641483565574787,1279.1358926046314,1155.945693273899,0.5137743061792643,779.9934777113416,819.179052734796,0.4195210555817291,0.18145161317313047,0.12376861243461867,0.054547594205741616,17.07231970000207,11.51364404813366,0.06531226221566623,114.53548117271588,169.87552897190375,0.2310385591161412,0.9689824016655246,0.0683172788136911,0.0007646841587610883,0.6414248224833056,0.2507766588293013,0.021152591547637982,5.999286502172434,11.051010926272042,0.2943037476949284,2807.308781842218,2325.041384709437,0.08803584683029712,0.6105696053746911,0.38889508216712976,0.03654422433638787,0.007813514082488641,0.005219881582038855,0.1032765672376267,0.16448355368673873,0.02213770347865024,0.0017476176991585975,0.0002564886013863669,6.342946260827053e-05,0.006150739271381731,0.00030358156425782116,4.1585833895845024e-05,0.0025751166492317327,0.00031141009686060285,3.935810878633912e-05,0.0019278034911257085,169.40168552913812,93.2683543629395,0.09488833756798867,0.0005809602583796133,0.0030953365630784985,0.9782592647870486
costa_caparica,75.6541687428572,114.90199472743609,0.2287599835492097,36.608270761734154,27.813968957534904,0.06332099390165817,0.5393053844359108,0.14562580165204325,0.009568702158384287,4.444148936170213,2.0,0.04875542042761983,2.286985732021612,3.2819204499484487,0.4198373605933151,0.9914453250154672,0.04332452310943702,0.0003645151654578269,0.6583664624432323,0.35106156101715386,0.02962043115881555,6.195499274237005,3.7688696292605046,0.05061179366494206,2.280191668838617,5.240083784558099,0.4972648335554696,0.15014432151040796,0.517722105788686,0.617985462910837,1.6316262041240388,2.420768705882712,0.2617775474072965,5.070314323475184,5.283351839031462,0.13731270853004715,82.93881874992714,73.96214981719768,0.09692736255043356,2.7863096468884696,5.805626275723287,0.3972945926302456,0.4877049180327868,0.0,2.2204460492502926e-16,0.98723334025789,0.08846990561418966,0.00245069912309387,31.030960086545292,4.726825856675148,0.00837774606110662,0.5897310645272602,0.23125,0.021678586878487782,2.9211954032947336,4.26481901845788,0.2438372610891337,3116.7409845626885,6067.077742192957,0.20191607481611987,1140.575339034589,1606.6300810392593,0.1872050726286078,0.12526532230199908,0.08607699590876314,0.0647793286977935,23.917182681910862,16.970263056404722,0.06292573706099171,222.21389955081054,376.90767420507865,0.26055806195879383,0.976612175483766,0.0721935605762718,0.0007797777692495969,0.3937075161811473,0.24211190689577056,0.04937002913752076,4.547134959251551,8.768502966149551,0.3340889729648794,7825.3766174152115,15032.272860382134,0.2566158180353556,0.4744922617236252,0.2622805769522081,0.03933205582174728,0.003860123813289325,0.0017533504455202625,0.10316607119249784,0.20164382928985009,0.030102362190647436,0.010498382913310084,0.0002374602996793062,0.00017201658717769044,0.07495629603463534,0.0003625196029682495,0.00013040150791124406,0.02532747740144229,0.00038777345911602596,9.189330534923104e-05,0.01044626235721033,282.82224366508575,0.0,0.012882621367056415,0.0005104209284497106,0.0,0.20349895969135606
praia_corvoeiro,53.03278299468604,73.28667557581879,0.1691366865504101,31.045477776454376,18.75870881610584,0.043057940527673325,0.5215419958073466,0.13894714721189771,0.007419937438999641,4.630331753554502,2.0,0.03831445830525992,4.524699539550828,12.018084065186464,0.4125943494342205,0.9848959423018856,0.058426496866306625,0.0007757772314871378,0.6621997033939262,0.3030305750469958,0.02328615556643666,5.2102327506851625,3.0004039569707817,0.041672609396682124,3.578992166920611,8.050969727051296,0.4416204327135349,0.4120452214264168,0.4853731673729849,0.34840978371269044,5.378754687174218,6.017170954414595,0.1416986094975431,4.342633971646286,4.5020814470977495,0.11806563322638887,130.42093485030287,118.30888353208981,0.10129595136071906,9.217444071578797,10.588811334433037,0.15700398077239788,0.2815884476534296,0.0,0.0,0.9445630880714904,0.06036123006734695,0.001447575158983579,23.4828514086258,20.454254412979495,0.0823042786418191,0.26220696676205146,0.5863636363636363,0.33898878184344394,4.106130913698429,3.1826536739676565,0.11556390663640635,7320.610922226461,7713.786141010955,0.12135836175548476,3053.7003533461952,3856.577822619437,0.16603945078198185,0.22822366850142345,0.195415137265922,0.09120211096409306,21.43485509843077,10.714968087133776,0.03388476464174996,142.72253996247812,187.81215737524983,0.1523022119155006,0.9491005606478612,0.10935535136242612,0.0016290127569918086,0.4090181701415037,0.1991347688607593,0.032104626237248614,8.521295011333821,13.406427148588426,0.21459550177518327,9097.721287341757,3238.014101320273,0.031205453550525074,0.3974462227485132,0.21536704934882245,0.04528564528008276,0.006191493364829444,0.002627527941869949,0.02065964481593871,0.10056966925472917,0.027007067810106342,0.007207522642807188,0.00014823449349734804,1.4413747327788614e-05,0.011382868481880474,0.0002549056410933348,1.2309636957675035e-05,0.0052597568818017046,0.0003435004924909302,1.5344687991651043e-05,0.003672980436001925,244.10101940978595,58.03890407764121,0.006899846326613524,0.011839896536968436,0.005430194382198135,0.02559613103480179
zambujeira,75.24866027855812,76.32103463581174,0.12189361502916987,35.74475709758169,18.5795572365078,0.03055261211798495,0.5590132355003095,0.12044224144892607,0.0068991260003226675,4.0,0.0,0.00864854976278734,2.6910989113767365,4.306574844663657,0.4077655949309729,0.9985012142184516,0.006462601878946317,7.161779954137555e-05,0.7130565262860231,0.31227365022814824,0.023450605469394037,6.243189935433124,3.1047236247093544,0.02714374884632256,1.672795227413194,4.018703378791511,0.52228036775865,0.34346780215781103,0.3861176912465491,0.3410169128123489,2.373220516926604,3.3810696527912234,0.2331331810002664,3.8621219312291535,3.6211372177244283,0.1101312548516021,96.80285538946578,64.988017716929,0.05524416704034514,2.0010396892680062,3.6194572145136936,0.4122105971945811,0.3531468531468531,0.0,-1.1102230246251632e-16,0.9999621359023324,0.00035154020589189816,0.001306551489095493,30.622790851100437,7.320514016060393,0.006210361780687966,0.3862903225806452,0.25,0.07771107443051924,3.8407322244716258,5.629679505077022,0.2763383687082918,1288.1132857509344,1795.5747264842455,0.21066076537008974,557.9420335097753,666.3449970726124,0.1801015477864648,0.12409122723971573,0.08010007361972504,0.061137648785917424,20.759268548017737,13.061324375534472,0.043776904705168256,170.34657603683297,203.44860693281436,0.16119018554087536,0.9815712692589781,0.051229009255677534,0.0004528192744649206,0.4787686321251578,0.26279561475004504,0.0362341779507474,2.949618480865248,6.942598813371178,0.4702007654782472,2317.2024078539066,4042.638695908101,0.3655066091953144,0.4914212290106679,0.17007101341753206,0.0280105698816046,0.005702697389516779,0.005257465083122768,0.08724616122259908,0.19070117949747545,0.020557039679088233,0.0016649747202529895,0.002830017927416184,0.0010249919871544075,0.027628616146336462,0.0026340295008617184,0.0006323627775576213,0.010170860098640818,0.00231839914619007,0.0005232553597620745,0.009349541750072009,81.78696223268621,32.94853431764157,0.02760967088644665,0.020171082723677392,0.024876489392618426,0.18051802643458612
sesimbra,61.80225897584015,47.840409907512914,0.08832449713836078,32.95623906464087,13.3922055411132,0.024455715842295767,0.534925603485181,0.12416487897160566,0.0062053763430123116,4.454054054054054,2.0,0.02486908044635734,5.267918603590885,12.345749489702673,0.3493620969789991,0.995320702785778,0.01812520118845118,0.00014251051259562037,0.6613943767305793,0.3189182006517377,0.02413240652859948,5.703174726023525,2.3120698262272192,0.02280745846265304,1.3424675879380488,2.591821988644364,0.41825907501113074,0.5090832579334958,0.4514646209556875,0.09040517341708937,3.790066171469056,3.5377329036146974,0.10578706393328033,1.766069500298757,1.8125615499578211,0.13745569906425928,171.86069945620017,105.94381183304391,0.05022395318769396,4.0399965163615,5.967595072574383,0.27391585320510853,0.16627634660421545,0.0,0.0,0.9950055129246957,0.027115183798929743,0.0005504498075376567,22.474265973153578,19.63461102754823,0.11749797388424005,0.10398424277550697,0.12299465240641705,0.43618415158996304,3.8777158554746203,2.241616820081939,0.04423244114536776,930.0297864610221,903.106261813986,0.09153148518021224,624.4691062181404,677.3084805896672,0.11734911290257113,0.16523476922960997,0.11230951627440533,0.06900696482824331,15.632946980157719,8.398674203166502,0.03636126976684305,95.79274155968072,96.45950475492953,0.14707439987643517,0.9786246391007335,0.051275045440526634,0.00035759674261396653,0.6712457389350714,0.25461637103452506,0.01693005437266833,3.872569656139599,6.347590055883792,0.31566164653843215,1440.409303806319,1009.8770939634846,0.04830137341550176,0.4978612130233829,0.20831703465329432,0.038064940392337994,0.009833285107818073,0.0044952291890421915,0.05707603800299327,0.19428612902413053,0.040095585003662726,0.004420581490737931,0.0006076325697928664,0.00013898937890610317,0.005138170173381617,0.0006537065803470651,8.973493636738343e-05,0.0019224371585709256,0.0006295167873588651,5.117062208140257e-05,0.0007774578198683925,84.01240671934556,15.661874424281066,0.1475628318688165,0.06480826725594696,0.002978356947874683,0.27719976346941305
armacao,120.81027929223808,211.08707457315452,0.2616524026526615,45.87501040018311,37.357324916043055,0.07329965827346349,0.5455003560888553,0.13151480379125646,0.007210744654330645,5.074534161490684,4.0,0.07457268711708827,6.762365411481902,16.168594072873894,0.4044245320981515,0.9877566077799418,0.043616164056583306,0.00041694977679700585,0.6941086058096353,0.2981821031621088,0.02074185356187285,7.6875687729644975,5.782445544716578,0.062059538272818876,2.121204374657361,5.1795644366824405,0.4935416976147126,0.4911720568977257,0.5081023290565505,0.27522159041489525,4.0577796049571475,5.164350994754841,0.1810662039803513,4.1871094264032935,6.0336883905544125,0.2192874307752496,242.7098704074389,234.26419566080952,0.10508149608604876,3.1165364521669825,6.508039426519816,0.3919575487912586,0.22942643391521195,0.0,2.2204460492502966e-16,0.999087521440216,0.005642309970572579,0.0001066112770825736,26.431393969958247,14.121839782745722,0.043989913952529686,0.36342250047429336,0.25,0.21479414385122267,2.594167406789269,3.4346911702523046,0.21390519200610453,2448.733779977576,4298.530624031936,0.21639271817783454,1168.8965157914909,1877.8308344536874,0.20008567540352515,0.13968487538910165,0.12482726806364615,0.11720283147685333,25.8419896636208,23.20919931422264,0.0848753873047607,240.95530042221174,488.28904056301684,0.3278383642497725,0.9673365280228751,0.07420924946086792,0.0007561406395763911,0.5367784163283185,0.26421059076643466,0.028419574898830364,4.430431348870232,8.552739192151138,0.35469760818233803,7469.228896435346,8143.632383299438,0.1177728897570807,0.6727577416608284,0.3327292917463072,0.03056995666377268,0.0036778060276983866,0.003607354707116465,0.20259102748891927,0.13974990626027162,0.023140139164330192,0.0032224048092421662,0.00037515343210455584,0.00013830531055412676,0.023480431309423188,0.00046912836032706135,8.371436796721916e-05,0.004626467624871118,0.0005128041569504401,6.0379363866343894e-05,0.00215376598781621,96.60348436521905,97.34972918459513,0.0990606141331848,0.03482573830229384,0.0026911115072997807,0.002780859787984044
olhao,105.31353839440443,170.06976911990083,0.22898056831313304,43.64679112475354,36.1515990450087,0.07123477731896424,0.521086144405493,0.13755434306333225,0.01042742243968227,4.660714285714286,2.0,0.030564293552729032,9.058482975818562,16.604357832586185,0.2776055674263825,0.9893714898737114,0.03237943776428465,0.00021544652076753207,0.6433792738379822,0.3457536561646139,0.03532584489883639,7.123291211758434,6.146389912817524,0.07490047814571299,1.2716265506655242,2.813440803324085,0.4046075027590845,0.5259530321160308,0.43732392187900704,0.07835462184366979,2.9452858543361025,3.2515215721479853,0.13155520151656785,1.2176823729422468,1.5739957113134984,0.3228999571952821,151.47157572506038,72.47615342929869,0.030930714985818456,3.9275841660052504,6.8741731775824055,0.310675071645372,0.2123287671232877,0.0,0.0,0.9898019086905504,0.06676952153238236,0.0007741287115224128,28.012978037286604,4.886485789774704,0.021538485184518442,0.3841666666666667,0.25,0.2367999153740143,4.07326306300334,5.951680536132903,0.2028741179861258,565.0473603152128,872.5061574525383,0.20526003112755656,375.3891724849013,547.687682231121,0.2069512424814692,0.10518891285949687,0.06727838230684785,0.06090443735133759,20.218960493964122,21.485985228323525,0.09837776097817667,161.444895639273,279.17541628354587,0.2634111995870247,0.9678882660329357,0.06939528215100478,0.0006214568504992813,0.6954048600689972,0.160034400128776,0.009386175508206371,4.061949621000768,7.139543396708981,0.2532267614335897,1134.0748587639698,1059.6296188904892,0.0973410865704455,0.5029377771476413,0.3522189087618813,0.05556136274218288,0.0068427066729296274,0.006904570402951322,0.12431541617926745,0.11564673264243792,0.07274879906094284,0.04551381026376017,0.0006789514152068571,0.00011875904469267368,0.0069004910504305355,0.000780093212837992,0.00010609505258084784,0.0035967409755516483,0.0008000770169981742,7.278422723710099e-05,0.0013869898826282465,84.58947101127049,0.0,0.0,0.004052665369762335,0.0,0.0
monte_gordo,242.64218053194375,198.2998499348581,0.11020143651328028,65.80130946469887,24.894965295407484,0.024297823267425016,0.5315111553794221,0.1307254427834046,0.007803917205338366,4.951219512195122,4.0,0.08246502136657444,2.4643395702461564,3.4776874128197988,0.3840456784238238,0.9875867487792288,0.04535124410921332,0.00035196091958150633,0.6308270428951127,0.29463596254918895,0.027205668453444937,11.239027517844084,3.1239670514035662,0.01633798897121639,1.0161592444046414,1.744371990941218,0.3535014795865448,0.4222207503317365,0.4992851042465779,0.379268232011476,1.2886993455658666,1.0002362215792877,0.07525913673876983,6.298171094984075,5.2672197834546015,0.08835923456201768,193.75665077357638,99.59197053382536,0.06991317010796576,1.2521074355414288,2.0279521675978263,0.25597789449207803,0.3592233009708738,0.0,0.0,0.9999977324098708,0.00016817399883317652,6.687561958670689e-05,29.263697365914286,2.5189689299487767,0.02679900773040389,0.6625,0.3,0.02755421095636565,1.705034071412079,3.316116030186965,0.5004923573911084,2547.527630256302,2809.050382970673,0.13266267586478628,1203.4069310098607,1243.926603533473,0.12018694711320485,0.05908659627715113,0.04486211583595896,0.07574022702093748,42.32649957632508,21.057624777438928,0.03600044495708285,581.4731752275472,649.8205130797895,0.1861093034346484,0.9623332080060316,0.06637527588289815,0.0007619428530982723,0.4667240388218796,0.21918711557872653,0.027467422008505247,1.545907055892533,3.049878062153597,0.5176601183868988,5028.503332403475,4936.389530356578,0.14553638952118464,0.4238279227994493,0.6328661184362265,0.13873456882902305,0.0017913871640992095,0.001793911768447414,0.09570820698922612,0.17401694503886453,0.030429163743981105,0.003671366520474454,0.0004555840080773461,0.00016955665811090178,0.016704255318027106,0.0006675356944649009,0.00015011436353764315,0.009371065209054856,0.0006769352056631878,0.00012390449346831765,0.0055929313741706795,165.34470746342708,93.85381386949436,0.1711071960123704,0.015545328839339732,0.01045717742632443,0.2474653577497368
albufeira,73.31484706255118,91.2361979253758,0.18880518746193556,36.10382610579236,23.159256656959748,0.05522494344718234,0.5223881594368044,0.13256135144677095,0.00750340711988625,4.629370629370629,2.5,0.03788031474405003,9.35745199025336,15.378204790748713,0.23990687450264345,0.9842905696656479,0.05025868475864692,0.000432959901021812,0.6732592881811462,0.3024974573713668,0.024327559006006798,6.080541630466825,3.628372340468471,0.04746838132125871,2.719866224451497,5.798061754802859,0.3979481006910833,0.4350544262041922,0.4157886303337873,0.2629183288152505,5.380837795795651,6.410119142061074,0.14282023823825005,2.696814077567244,3.215406480496576,0.1807697555123036,230.962054694028,219.65143865990086,0.1101872669392498,7.225216308655606,11.512388395051756,0.23797042194778956,0.20626631853785898,0.0,0.0,0.967527426912412,0.06926978257260119,0.0010038471199850904,27.67809405074127,12.355144520479715,0.0316330529262504,0.3490460866567061,0.33333333333333337,0.3874312277559123,4.288097060345268,4.4124778057004415,0.1456319916726216,2406.049501707124,2683.4234753781484,0.14161456541340384,1209.4420821727456,1024.9120961473548,0.12059347317222001,0.12497594584129773,0.12114035406253545,0.099043210466435,19.115155905231916,14.142979876327876,0.06300757099212717,144.02991328710618,194.5415275750623,0.22583599474749194,0.9678415788103676,0.06670713652029625,0.0006562907118716016,0.5555945623496001,0.27905237415148376,0.031550645841777636,7.7996614024892805,11.181324782862657,0.2135800570202884,5769.950895490346,3967.109962475414,0.08509069806360836,0.4541415728052841,0.18648758709426672,0.046277492824203716,0.005154587939762737,0.0044054436991859385,0.17753303801010986,0.14327022619927113,0.04075480520623409,0.009503435339147015,8.808763116435582e-05,4.132416417766574e-05,0.041455709961922216,0.00012914171190295964,5.832956860205292e-05,0.023540768499399244,0.00015555568365240857,6.271130961371177e-05,0.015530214592721484,105.82940564320398,93.07333816552652,0.14893316062379752,0.03278611982106275,0.06682871357498224,0.6262817036406962
faro,100.19829964286623,125.60261093521359,0.1834343258204191,43.891084802686585,29.690553196570303,0.05605461144357665,0.4988680801590552,0.15220881739975567,0.01259037176096662,5.328828828828829,4.0,0.058298517000574736,12.349565312802556,16.10656681898618,0.19314526407133484,0.9688300998452248,0.09177500187837727,0.0014627998521551438,0.6412106086569836,0.3019059494622631,0.027078404533678168,7.11214520532961,4.231919524694314,0.04524083787970352,2.266268087467575,4.5444874079608,0.39842849705966094,0.5810911311955856,0.4366054688330109,0.0756400342622502,5.7397443009838165,4.50131235295083,0.07154665304017346,2.097047453479183,2.938199707786177,0.3662106578157706,298.62096324746614,394.5481346235552,0.12239590253894095,8.371441555284568,14.48841261212299,0.2532033808165598,0.09677419354838712,0.0,-1.1102230246251602e-16,0.9582099634751696,0.1081759006491836,0.0029640709131057603,29.28989255536205,3.2374987667797086,0.007725157634101544,0.3105882352941176,0.33333333333333337,0.13835524396258406,3.3495640874449286,3.429607262964364,0.1259727777827913,2377.3433054080483,1731.5645943956338,0.09117355345027478,1356.9479274052844,959.8075683379074,0.09149822059708618,0.13144209100669016,0.13121191600097545,0.09087577264022567,21.241387641626552,14.504619991750968,0.05138762053320773,160.30746226635762,203.2481122126943,0.1956851756070894,0.9503845695383546,0.08092645601528847,0.0010945355619999039,0.6508078054414889,0.2327275228542789,0.015876183111722994,8.645457820080367,13.037098752268749,0.26795601951958564,4486.085637508631,2883.015467962615,0.09007865112701192,0.5919332654903339,0.14291805717644335,0.012677912855833787,0.004364740601156753,0.0019443550801500281,0.0455217903275935,0.08895547208508459,0.051514306351223726,0.18104485884048785,0.00018518972927564198,0.00016880855691247837,0.1540866051246085,0.00037616541426935073,0.00030102336649940394,0.10857922434877144,0.00047946590183152264,0.000274365958907692,0.07198301181647196,254.38277319660827,228.12302939151033,0.1833973932174163,0.005571453970952009,0.007977979772494042,0.3366260566108625
quarteira,227.02639536592136,270.28154809510585,0.14702585731960366,63.59160405469851,39.24591946337793,0.039337199759758704,0.543699901351212,0.14127342559107695,0.009580389616954928,4.96078431372549,4.0,0.09267302557239723,4.717501123551879,13.127310366835903,0.4577832130602144,0.9863228320135056,0.0483870283307235,0.0005659074617196492,0.6576353755063143,0.3049720642849574,0.0275354163215878,10.557550524404233,5.187253756086818,0.03210678063715737,1.9101458180785649,5.575047863891684,0.5444252053559686,0.3198791482173188,0.5098674614461842,0.4372854577272351,1.3393143161540757,2.416816310981871,0.2743956696330469,7.1817544786115635,9.659510211665193,0.17203797525455858,192.026576658424,187.80468576626262,0.0950108551742157,1.298334784427445,3.297682833408164,0.667296421475157,0.3531598513011153,0.0,0.0,0.9999834250299496,0.00015227762445091386,0.00010206567793837894,24.26561652398604,15.576700907426051,0.07688058351461408,0.5373521891978268,0.2833333333333333,0.035066409248304134,2.073158296003139,3.1509931168317844,0.22497438782732654,6365.816588252547,5964.684547130526,0.16646898295597493,2620.5175353591267,2876.5389689150097,0.15710800405906966,0.07945989189331329,0.05698121841751154,0.0701037284644046,40.75186102354535,27.289014782644056,0.05764850643229037,583.0480172218782,856.83026246595,0.2375270711166288,0.9580631723384924,0.08624365440599213,0.0011978471184176571,0.4140867662351832,0.2979100430110508,0.05636532228632025,3.3176883854512695,8.441085255906046,0.520696792225743,13160.49972089677,12719.108390238554,0.08682577863263792,0.4766931108306957,0.11893983946811633,0.010302329130687198,0.0016014612679026102,0.0011624644710756516,0.0558597140316257,0.10357798633453233,0.03309566250742721,0.008953441362554285,9.169131555602215e-05,4.590697693971786e-05,0.029132128968911833,0.00018291692716319174,6.1028378383794924e-05,0.02119502972589096,0.00029184943348556613,0.00011565106422210373,0.019560097310344284,116.86337899941911,17.46634326509671,0.02314684070576007,0.023530907037670815,0.004447896227292688,0.006193376389191912
